Source Entity,Target Entity
firessa.com,+1 425 974 4689
firessa.com,+33 3135 2700 33 19
firessa.com,+52 33 3135 2700
firessa.com,33 1991 2319
firessa.com,33 3135 2700
firessa.com,aboutus.com
firessa.com,abuse@enom.com
firessa.com,autoconfig.catalogo.firessa.com
firessa.com,autodiscover.firessa.com
firessa.com,autodiscover.v2.firessa.com
firessa.com,barryklaren.blogspot.com
firessa.com,bgp.tools
firessa.com,catalogo.firessa.com
firessa.com,contacto@firessa.com
firessa.com,cpcalendars.catalogo.firessa.com
firessa.com,cpcalendars.firessa.com
firessa.com,cpcontacts.firessa.com
firessa.com,eNom
firessa.com,firessa.com
firessa.com,firessa.com
firessa.com,firessa.com
firessa.com,firessa.com
firessa.com,firessa.com
firessa.com,FIRESSA.COM
firessa.com,firessa.com
firessa.com,firessa.eu
firessa.com,ftp.firessa.com
firessa.com,http://firessa.com/wp-content/uploads/2019/10/Manual-de-Instalacin-de-Equipos-Purificadores-Firessa.pdf
firessa.com,https://firessa.com/wp-content/uploads/2019/10/brochureFIRESSA-2.pdf
firessa.com,https://firessa.com/wp-content/uploads/2019/10/Ficha-Tecnica-del-AQUAFIR-5.pdf
firessa.com,https://firessa.com/wp-content/uploads/2019/10/Ficha-Tecnica-del-AQUAFIR-6.pdf
firessa.com,https://firessa.com/wp-content/uploads/2020/10/Brochure-de-Tanques-de-Salmuera-de-Quimicos-y-Cisternas.pdf
firessa.com,https://firessa.com/wp-content/uploads/2020/10/Brochure-Purificadores-y-Equipos-de-Acuario.pdf
firessa.com,https://web.archive.org/web/20110203063034if_/http://firessa.com/
firessa.com,https://web.archive.org/web/20111107064959if_/http://firessa.com:80/
firessa.com,https://web.archive.org/web/20111210053725if_/http://www.firessa.com:80/
firessa.com,https://web.archive.org/web/20120214075145if_/http://firessa.com:80/
firessa.com,https://web.archive.org/web/20120424050354if_/http://firessa.com:80/
firessa.com,https://web.archive.org/web/20120511153028if_/http://firessa.com/
firessa.com,https://web.archive.org/web/20120702111321if_/http://firessa.com:80/
firessa.com,https://web.archive.org/web/20130531085548if_/http://firessa.com/
firessa.com,https://web.archive.org/web/20131024152158if_/http://www.firessa.com/
firessa.com,https://web.archive.org/web/20140102005652if_/http://firessa.com/
firessa.com,https://web.archive.org/web/20141105100741if_/http://firessa.com:80/
firessa.com,https://web.archive.org/web/20141217043325if_/http://firessa.com/
firessa.com,https://web.archive.org/web/20220123035511if_/https://firessa.com/
firessa.com,https://web.archive.org/web/20220123040323if_/http://firessa.com/
firessa.com,https://web.archive.org/web/20220126090654if_/http://firessa.com/
firessa.com,https://web.archive.org/web/20220202021030if_/http://firessa.com/
firessa.com,https://web.archive.org/web/20220517131607if_/https://firessa.com/
firessa.com,https://web.archive.org/web/20220517132936if_/http://firessa.com/
firessa.com,https://web.archive.org/web/20220817184700if_/https://firessa.com/
firessa.com,https://web.archive.org/web/20221006051130if_/http://www.firessa.com/
firessa.com,https://web.archive.org/web/20230129112807if_/https://firessa.com/
firessa.com,https://web.archive.org/web/20230307025306if_/https://firessa.com/
firessa.com,https://web.archive.org/web/20230307143015if_/https://firessa.com/
firessa.com,https://web.archive.org/web/20230330004628if_/https://firessa.com/
firessa.com,issuu.com
firessa.com,location@adapt.io
firessa.com,mail.firessa.com
firessa.com,ns1.dnsvela.com
firessa.com,ns2.dnsvela.com
firessa.com,Registrant City
firessa.com,Registrant Street
firessa.com,Registrant Street
firessa.com,servidor@caymanhosting.com.
firessa.com,Tech Street
firessa.com,twitter.com
firessa.com,VeriSign
firessa.com,VeriSign Global Registry
firessa.com,webdisk.curriculum.firessa.com
firessa.com,webdisk.firessa.com
firessa.com,webmail.catalogo.firessa.com
firessa.com,webmail.curriculum.firessa.com
firessa.com,webmail.firessa.com
firessa.com,Whois
firessa.com,www.curriculum.firessa.com
firessa.com,www.dnb.com
firessa.com,WWW.ENOMDOMAINS.COM
firessa.com,www.facebook.com
firessa.com,www.firessa.com
firessa.com,www.firessa.com
firessa.com,www.linkedin.com
firessa.com,www.slideshare.net
firessa.com,www.tiktok.com
firessa.com,www.zoominfo.com
